week,site,topic_type,target_keyword,suggested_url,brief
1,"K1 Fix Center","guide","k1 game app crash android setup","/guides/k1-game-app-crash-android-setup/","Write a unique fix article with original screenshots, local examples, FAQ, and internal links. Do not reuse the same article structure across domains."
2,"K1 Fix Center","guide","k1 game not opening new user guide","/guides/k1-game-not-opening-new-user-guide/","Write a unique fix article with original screenshots, local examples, FAQ, and internal links. Do not reuse the same article structure across domains."
3,"K1 Fix Center","comparison","k1 game login error Pakistan mobile users","/guides/k1-game-login-error-pakistan-mobile-users/","Write a unique fix article with original screenshots, local examples, FAQ, and internal links. Do not reuse the same article structure across domains."
4,"K1 Fix Center","faq","k1 game otp problem common mistake","/guides/k1-game-otp-problem-common-mistake/","Write a unique fix article with original screenshots, local examples, FAQ, and internal links. Do not reuse the same article structure across domains."
5,"K1 Fix Center","refresh","k1 game network error safe checklist","/guides/k1-game-network-error-safe-checklist/","Write a unique fix article with original screenshots, local examples, FAQ, and internal links. Do not reuse the same article structure across domains."
6,"K1 Fix Center","comparison","clear cache k1 game step by step","/guides/clear-cache-k1-game-step-by-step/","Write a unique fix article with original screenshots, local examples, FAQ, and internal links. Do not reuse the same article structure across domains."
7,"K1 Fix Center","guide","k1 game crashes after update FAQ update","/guides/k1-game-crashes-after-update-faq-update/","Write a unique fix article with original screenshots, local examples, FAQ, and internal links. Do not reuse the same article structure across domains."
8,"K1 Fix Center","faq","k1 game reinstall weekly review","/guides/k1-game-reinstall-weekly-review/","Write a unique fix article with original screenshots, local examples, FAQ, and internal links. Do not reuse the same article structure across domains."
9,"K1 Fix Center","comparison","k1 game support evidence comparison notes","/guides/k1-game-support-evidence-comparison-notes/","Write a unique fix article with original screenshots, local examples, FAQ, and internal links. Do not reuse the same article structure across domains."
10,"K1 Fix Center","refresh","k1 game storage problem support evidence","/guides/k1-game-storage-problem-support-evidence/","Write a unique fix article with original screenshots, local examples, FAQ, and internal links. Do not reuse the same article structure across domains."
11,"K1 Fix Center","guide","k1 game fix faq device compatibility","/guides/k1-game-fix-faq-device-compatibility/","Write a unique fix article with original screenshots, local examples, FAQ, and internal links. Do not reuse the same article structure across domains."
12,"K1 Fix Center","faq","k1 game error log error fix","/guides/k1-game-error-log-error-fix/","Write a unique fix article with original screenshots, local examples, FAQ, and internal links. Do not reuse the same article structure across domains."
13,"K1 Fix Center","guide","k1 game app crash June update","/guides/k1-game-app-crash-june-update/","Write a unique fix article with original screenshots, local examples, FAQ, and internal links. Do not reuse the same article structure across domains."
14,"K1 Fix Center","guide","k1 game not opening July update","/guides/k1-game-not-opening-july-update/","Write a unique fix article with original screenshots, local examples, FAQ, and internal links. Do not reuse the same article structure across domains."
15,"K1 Fix Center","refresh","k1 game login error 2026 refresh","/guides/k1-game-login-error-2026-refresh/","Write a unique fix article with original screenshots, local examples, FAQ, and internal links. Do not reuse the same article structure across domains."
16,"K1 Fix Center","faq","k1 game otp problem android setup","/guides/k1-game-otp-problem-android-setup/","Write a unique fix article with original screenshots, local examples, FAQ, and internal links. Do not reuse the same article structure across domains."
17,"K1 Fix Center","guide","k1 game network error new user guide","/guides/k1-game-network-error-new-user-guide/","Write a unique fix article with original screenshots, local examples, FAQ, and internal links. Do not reuse the same article structure across domains."
18,"K1 Fix Center","comparison","clear cache k1 game Pakistan mobile users","/guides/clear-cache-k1-game-pakistan-mobile-users/","Write a unique fix article with original screenshots, local examples, FAQ, and internal links. Do not reuse the same article structure across domains."
19,"K1 Fix Center","guide","k1 game crashes after update common mistake","/guides/k1-game-crashes-after-update-common-mistake/","Write a unique fix article with original screenshots, local examples, FAQ, and internal links. Do not reuse the same article structure across domains."
20,"K1 Fix Center","refresh","k1 game reinstall safe checklist","/guides/k1-game-reinstall-safe-checklist/","Write a unique fix article with original screenshots, local examples, FAQ, and internal links. Do not reuse the same article structure across domains."
21,"K1 Fix Center","comparison","k1 game support evidence step by step","/guides/k1-game-support-evidence-step-by-step/","Write a unique fix article with original screenshots, local examples, FAQ, and internal links. Do not reuse the same article structure across domains."
22,"K1 Fix Center","guide","k1 game storage problem FAQ update","/guides/k1-game-storage-problem-faq-update/","Write a unique fix article with original screenshots, local examples, FAQ, and internal links. Do not reuse the same article structure across domains."
23,"K1 Fix Center","guide","k1 game fix faq weekly review","/guides/k1-game-fix-faq-weekly-review/","Write a unique fix article with original screenshots, local examples, FAQ, and internal links. Do not reuse the same article structure across domains."
24,"K1 Fix Center","faq","k1 game error log comparison notes","/guides/k1-game-error-log-comparison-notes/","Write a unique fix article with original screenshots, local examples, FAQ, and internal links. Do not reuse the same article structure across domains."
25,"K1 Fix Center","refresh","k1 game app crash support evidence","/guides/k1-game-app-crash-support-evidence/","Write a unique fix article with original screenshots, local examples, FAQ, and internal links. Do not reuse the same article structure across domains."
26,"K1 Fix Center","guide","k1 game not opening device compatibility","/guides/k1-game-not-opening-device-compatibility/","Write a unique fix article with original screenshots, local examples, FAQ, and internal links. Do not reuse the same article structure across domains."
27,"K1 Fix Center","comparison","k1 game login error error fix","/guides/k1-game-login-error-error-fix/","Write a unique fix article with original screenshots, local examples, FAQ, and internal links. Do not reuse the same article structure across domains."
28,"K1 Fix Center","faq","k1 game otp problem June update","/guides/k1-game-otp-problem-june-update/","Write a unique fix article with original screenshots, local examples, FAQ, and internal links. Do not reuse the same article structure across domains."
29,"K1 Fix Center","guide","k1 game network error July update","/guides/k1-game-network-error-july-update/","Write a unique fix article with original screenshots, local examples, FAQ, and internal links. Do not reuse the same article structure across domains."
30,"K1 Fix Center","refresh","clear cache k1 game 2026 refresh","/guides/clear-cache-k1-game-2026-refresh/","Write a unique fix article with original screenshots, local examples, FAQ, and internal links. Do not reuse the same article structure across domains."
31,"K1 Fix Center","guide","k1 game crashes after update android setup","/guides/k1-game-crashes-after-update-android-setup/","Write a unique fix article with original screenshots, local examples, FAQ, and internal links. Do not reuse the same article structure across domains."
32,"K1 Fix Center","faq","k1 game reinstall new user guide","/guides/k1-game-reinstall-new-user-guide/","Write a unique fix article with original screenshots, local examples, FAQ, and internal links. Do not reuse the same article structure across domains."
33,"K1 Fix Center","comparison","k1 game support evidence Pakistan mobile users","/guides/k1-game-support-evidence-pakistan-mobile-users/","Write a unique fix article with original screenshots, local examples, FAQ, and internal links. Do not reuse the same article structure across domains."
34,"K1 Fix Center","guide","k1 game storage problem common mistake","/guides/k1-game-storage-problem-common-mistake/","Write a unique fix article with original screenshots, local examples, FAQ, and internal links. Do not reuse the same article structure across domains."
35,"K1 Fix Center","refresh","k1 game fix faq safe checklist","/guides/k1-game-fix-faq-safe-checklist/","Write a unique fix article with original screenshots, local examples, FAQ, and internal links. Do not reuse the same article structure across domains."
36,"K1 Fix Center","faq","k1 game error log step by step","/guides/k1-game-error-log-step-by-step/","Write a unique fix article with original screenshots, local examples, FAQ, and internal links. Do not reuse the same article structure across domains."
37,"K1 Fix Center","guide","k1 game app crash FAQ update","/guides/k1-game-app-crash-faq-update/","Write a unique fix article with original screenshots, local examples, FAQ, and internal links. Do not reuse the same article structure across domains."
38,"K1 Fix Center","guide","k1 game not opening weekly review","/guides/k1-game-not-opening-weekly-review/","Write a unique fix article with original screenshots, local examples, FAQ, and internal links. Do not reuse the same article structure across domains."
39,"K1 Fix Center","comparison","k1 game login error comparison notes","/guides/k1-game-login-error-comparison-notes/","Write a unique fix article with original screenshots, local examples, FAQ, and internal links. Do not reuse the same article structure across domains."
40,"K1 Fix Center","refresh","k1 game otp problem support evidence","/guides/k1-game-otp-problem-support-evidence/","Write a unique fix article with original screenshots, local examples, FAQ, and internal links. Do not reuse the same article structure across domains."
41,"K1 Fix Center","guide","k1 game network error device compatibility","/guides/k1-game-network-error-device-compatibility/","Write a unique fix article with original screenshots, local examples, FAQ, and internal links. Do not reuse the same article structure across domains."
42,"K1 Fix Center","comparison","clear cache k1 game error fix","/guides/clear-cache-k1-game-error-fix/","Write a unique fix article with original screenshots, local examples, FAQ, and internal links. Do not reuse the same article structure across domains."
43,"K1 Fix Center","guide","k1 game crashes after update June update","/guides/k1-game-crashes-after-update-june-update/","Write a unique fix article with original screenshots, local examples, FAQ, and internal links. Do not reuse the same article structure across domains."
44,"K1 Fix Center","faq","k1 game reinstall July update","/guides/k1-game-reinstall-july-update/","Write a unique fix article with original screenshots, local examples, FAQ, and internal links. Do not reuse the same article structure across domains."
45,"K1 Fix Center","refresh","k1 game support evidence 2026 refresh","/guides/k1-game-support-evidence-2026-refresh/","Write a unique fix article with original screenshots, local examples, FAQ, and internal links. Do not reuse the same article structure across domains."
46,"K1 Fix Center","guide","k1 game storage problem android setup","/guides/k1-game-storage-problem-android-setup/","Write a unique fix article with original screenshots, local examples, FAQ, and internal links. Do not reuse the same article structure across domains."
47,"K1 Fix Center","guide","k1 game fix faq new user guide","/guides/k1-game-fix-faq-new-user-guide/","Write a unique fix article with original screenshots, local examples, FAQ, and internal links. Do not reuse the same article structure across domains."
48,"K1 Fix Center","faq","k1 game error log Pakistan mobile users","/guides/k1-game-error-log-pakistan-mobile-users/","Write a unique fix article with original screenshots, local examples, FAQ, and internal links. Do not reuse the same article structure across domains."
49,"K1 Fix Center","guide","k1 game app crash common mistake","/guides/k1-game-app-crash-common-mistake/","Write a unique fix article with original screenshots, local examples, FAQ, and internal links. Do not reuse the same article structure across domains."
50,"K1 Fix Center","refresh","k1 game not opening safe checklist","/guides/k1-game-not-opening-safe-checklist/","Write a unique fix article with original screenshots, local examples, FAQ, and internal links. Do not reuse the same article structure across domains."
51,"K1 Fix Center","comparison","k1 game login error step by step","/guides/k1-game-login-error-step-by-step/","Write a unique fix article with original screenshots, local examples, FAQ, and internal links. Do not reuse the same article structure across domains."
52,"K1 Fix Center","faq","k1 game otp problem FAQ update","/guides/k1-game-otp-problem-faq-update/","Write a unique fix article with original screenshots, local examples, FAQ, and internal links. Do not reuse the same article structure across domains."
